topicId,rank,docId,filename
0,0,13,file:/Users/macbook/Downloads/war-diary/e001518042.jpg
0,1,70,file:/Users/macbook/Downloads/war-diary/e001518100.jpg
0,2,44,file:/Users/macbook/Downloads/war-diary/e001518073.jpg
0,3,33,file:/Users/macbook/Downloads/war-diary/e001518062.jpg
0,4,9,file:/Users/macbook/Downloads/war-diary/e001518038.jpg
0,5,19,file:/Users/macbook/Downloads/war-diary/e001518048.jpg
0,6,16,file:/Users/macbook/Downloads/war-diary/e001518045.jpg
0,7,12,file:/Users/macbook/Downloads/war-diary/e001518041.jpg
0,8,47,file:/Users/macbook/Downloads/war-diary/e001518076.jpg
0,9,38,file:/Users/macbook/Downloads/war-diary/e001518067.jpg
0,10,66,file:/Users/macbook/Downloads/war-diary/e001518096.jpg
0,11,50,file:/Users/macbook/Downloads/war-diary/e001518080.jpg
0,12,14,file:/Users/macbook/Downloads/war-diary/e001518043.jpg
0,13,10,file:/Users/macbook/Downloads/war-diary/e001518039.jpg
0,14,15,file:/Users/macbook/Downloads/war-diary/e001518044.jpg
0,15,25,file:/Users/macbook/Downloads/war-diary/e001518054.jpg
0,16,4,file:/Users/macbook/Downloads/war-diary/e001518033.jpg
0,17,11,file:/Users/macbook/Downloads/war-diary/e001518040.jpg
0,18,78,file:/Users/macbook/Downloads/war-diary/e001518108.jpg
0,19,41,file:/Users/macbook/Downloads/war-diary/e001518070.jpg
0,20,31,file:/Users/macbook/Downloads/war-diary/e001518060.jpg
0,21,61,file:/Users/macbook/Downloads/war-diary/e001518091.jpg
0,22,30,file:/Users/macbook/Downloads/war-diary/e001518059.jpg
0,23,67,file:/Users/macbook/Downloads/war-diary/e001518097.jpg
0,24,56,file:/Users/macbook/Downloads/war-diary/e001518086.jpg
0,25,24,file:/Users/macbook/Downloads/war-diary/e001518053.jpg
0,26,76,file:/Users/macbook/Downloads/war-diary/e001518106.jpg
0,27,73,file:/Users/macbook/Downloads/war-diary/e001518103.jpg
0,28,17,file:/Users/macbook/Downloads/war-diary/e001518046.jpg
0,29,39,file:/Users/macbook/Downloads/war-diary/e001518068.jpg
0,30,58,file:/Users/macbook/Downloads/war-diary/e001518088.jpg
0,31,59,file:/Users/macbook/Downloads/war-diary/e001518089.jpg
0,32,2,file:/Users/macbook/Downloads/war-diary/e001518031.jpg
0,33,68,file:/Users/macbook/Downloads/war-diary/e001518098.jpg
0,34,1,file:/Users/macbook/Downloads/war-diary/e001518030.jpg
0,35,23,file:/Users/macbook/Downloads/war-diary/e001518052.jpg
0,36,72,file:/Users/macbook/Downloads/war-diary/e001518102.jpg
0,37,37,file:/Users/macbook/Downloads/war-diary/e001518066.jpg
0,38,57,file:/Users/macbook/Downloads/war-diary/e001518087.jpg
0,39,53,file:/Users/macbook/Downloads/war-diary/e001518083.jpg
0,40,54,file:/Users/macbook/Downloads/war-diary/e001518084.jpg
0,41,27,file:/Users/macbook/Downloads/war-diary/e001518056.jpg
0,42,74,file:/Users/macbook/Downloads/war-diary/e001518104.jpg
0,43,34,file:/Users/macbook/Downloads/war-diary/e001518063.jpg
0,44,28,file:/Users/macbook/Downloads/war-diary/e001518057.jpg
0,45,7,file:/Users/macbook/Downloads/war-diary/e001518036.jpg
0,46,65,file:/Users/macbook/Downloads/war-diary/e001518095.jpg
0,47,64,file:/Users/macbook/Downloads/war-diary/e001518094.jpg
0,48,52,file:/Users/macbook/Downloads/war-diary/e001518082.jpg
0,49,3,file:/Users/macbook/Downloads/war-diary/e001518032.jpg
0,50,62,file:/Users/macbook/Downloads/war-diary/e001518092.jpg
0,51,5,file:/Users/macbook/Downloads/war-diary/e001518034.jpg
0,52,42,file:/Users/macbook/Downloads/war-diary/e001518071.jpg
0,53,35,file:/Users/macbook/Downloads/war-diary/e001518064.jpg
0,54,6,file:/Users/macbook/Downloads/war-diary/e001518035.jpg
0,55,46,file:/Users/macbook/Downloads/war-diary/e001518075.jpg
0,56,51,file:/Users/macbook/Downloads/war-diary/e001518081.jpg
0,57,18,file:/Users/macbook/Downloads/war-diary/e001518047.jpg
0,58,79,file:/Users/macbook/Downloads/war-diary/e001518109.jpg
0,59,75,file:/Users/macbook/Downloads/war-diary/e001518105.jpg
0,60,21,file:/Users/macbook/Downloads/war-diary/e001518050.jpg
0,61,26,file:/Users/macbook/Downloads/war-diary/e001518055.jpg
0,62,71,file:/Users/macbook/Downloads/war-diary/e001518101.jpg
0,63,48,file:/Users/macbook/Downloads/war-diary/e001518077.jpg
0,64,0,file:/Users/macbook/Downloads/war-diary/e001518029.jpg
0,65,82,file:/Users/macbook/Downloads/war-diary/urls.txt
0,66,81,file:/Users/macbook/Downloads/war-diary/urls.py
0,67,80,file:/Users/macbook/Downloads/war-diary/url.py
0,68,77,file:/Users/macbook/Downloads/war-diary/e001518107.jpg
0,69,69,file:/Users/macbook/Downloads/war-diary/e001518099.jpg
0,70,63,file:/Users/macbook/Downloads/war-diary/e001518093.jpg
0,71,60,file:/Users/macbook/Downloads/war-diary/e001518090.jpg
0,72,55,file:/Users/macbook/Downloads/war-diary/e001518085.jpg
0,73,49,file:/Users/macbook/Downloads/war-diary/e001518078.jpg
0,74,45,file:/Users/macbook/Downloads/war-diary/e001518074.jpg
0,75,43,file:/Users/macbook/Downloads/war-diary/e001518072.jpg
0,76,40,file:/Users/macbook/Downloads/war-diary/e001518069.jpg
0,77,36,file:/Users/macbook/Downloads/war-diary/e001518065.jpg
0,78,32,file:/Users/macbook/Downloads/war-diary/e001518061.jpg
0,79,29,file:/Users/macbook/Downloads/war-diary/e001518058.jpg
0,80,22,file:/Users/macbook/Downloads/war-diary/e001518051.jpg
0,81,20,file:/Users/macbook/Downloads/war-diary/e001518049.jpg
0,82,8,file:/Users/macbook/Downloads/war-diary/e001518037.jpg
1,0,9,file:/Users/macbook/Downloads/war-diary/e001518038.jpg
1,1,6,file:/Users/macbook/Downloads/war-diary/e001518035.jpg
1,2,56,file:/Users/macbook/Downloads/war-diary/e001518086.jpg
1,3,28,file:/Users/macbook/Downloads/war-diary/e001518057.jpg
1,4,67,file:/Users/macbook/Downloads/war-diary/e001518097.jpg
1,5,78,file:/Users/macbook/Downloads/war-diary/e001518108.jpg
1,6,74,file:/Users/macbook/Downloads/war-diary/e001518104.jpg
1,7,42,file:/Users/macbook/Downloads/war-diary/e001518071.jpg
1,8,3,file:/Users/macbook/Downloads/war-diary/e001518032.jpg
1,9,54,file:/Users/macbook/Downloads/war-diary/e001518084.jpg
1,10,37,file:/Users/macbook/Downloads/war-diary/e001518066.jpg
1,11,59,file:/Users/macbook/Downloads/war-diary/e001518089.jpg
1,12,21,file:/Users/macbook/Downloads/war-diary/e001518050.jpg
1,13,26,file:/Users/macbook/Downloads/war-diary/e001518055.jpg
1,14,14,file:/Users/macbook/Downloads/war-diary/e001518043.jpg
1,15,35,file:/Users/macbook/Downloads/war-diary/e001518064.jpg
1,16,68,file:/Users/macbook/Downloads/war-diary/e001518098.jpg
1,17,79,file:/Users/macbook/Downloads/war-diary/e001518109.jpg
1,18,57,file:/Users/macbook/Downloads/war-diary/e001518087.jpg
1,19,71,file:/Users/macbook/Downloads/war-diary/e001518101.jpg
1,20,49,file:/Users/macbook/Downloads/war-diary/e001518078.jpg
1,21,44,file:/Users/macbook/Downloads/war-diary/e001518073.jpg
1,22,46,file:/Users/macbook/Downloads/war-diary/e001518075.jpg
1,23,75,file:/Users/macbook/Downloads/war-diary/e001518105.jpg
1,24,61,file:/Users/macbook/Downloads/war-diary/e001518091.jpg
1,25,5,file:/Users/macbook/Downloads/war-diary/e001518034.jpg
1,26,41,file:/Users/macbook/Downloads/war-diary/e001518070.jpg
1,27,8,file:/Users/macbook/Downloads/war-diary/e001518037.jpg
1,28,10,file:/Users/macbook/Downloads/war-diary/e001518039.jpg
1,29,13,file:/Users/macbook/Downloads/war-diary/e001518042.jpg
1,30,2,file:/Users/macbook/Downloads/war-diary/e001518031.jpg
1,31,36,file:/Users/macbook/Downloads/war-diary/e001518065.jpg
1,32,33,file:/Users/macbook/Downloads/war-diary/e001518062.jpg
1,33,52,file:/Users/macbook/Downloads/war-diary/e001518082.jpg
1,34,32,file:/Users/macbook/Downloads/war-diary/e001518061.jpg
1,35,15,file:/Users/macbook/Downloads/war-diary/e001518044.jpg
1,36,63,file:/Users/macbook/Downloads/war-diary/e001518093.jpg
1,37,16,file:/Users/macbook/Downloads/war-diary/e001518045.jpg
1,38,20,file:/Users/macbook/Downloads/war-diary/e001518049.jpg
1,39,62,file:/Users/macbook/Downloads/war-diary/e001518092.jpg
1,40,39,file:/Users/macbook/Downloads/war-diary/e001518068.jpg
1,41,34,file:/Users/macbook/Downloads/war-diary/e001518063.jpg
1,42,60,file:/Users/macbook/Downloads/war-diary/e001518090.jpg
1,43,47,file:/Users/macbook/Downloads/war-diary/e001518076.jpg
1,44,45,file:/Users/macbook/Downloads/war-diary/e001518074.jpg
1,45,72,file:/Users/macbook/Downloads/war-diary/e001518102.jpg
1,46,4,file:/Users/macbook/Downloads/war-diary/e001518033.jpg
1,47,48,file:/Users/macbook/Downloads/war-diary/e001518077.jpg
1,48,69,file:/Users/macbook/Downloads/war-diary/e001518099.jpg
1,49,27,file:/Users/macbook/Downloads/war-diary/e001518056.jpg
1,50,12,file:/Users/macbook/Downloads/war-diary/e001518041.jpg
1,51,30,file:/Users/macbook/Downloads/war-diary/e001518059.jpg
1,52,50,file:/Users/macbook/Downloads/war-diary/e001518080.jpg
1,53,31,file:/Users/macbook/Downloads/war-diary/e001518060.jpg
1,54,11,file:/Users/macbook/Downloads/war-diary/e001518040.jpg
1,55,0,file:/Users/macbook/Downloads/war-diary/e001518029.jpg
1,56,66,file:/Users/macbook/Downloads/war-diary/e001518096.jpg
1,57,25,file:/Users/macbook/Downloads/war-diary/e001518054.jpg
1,58,38,file:/Users/macbook/Downloads/war-diary/e001518067.jpg
1,59,58,file:/Users/macbook/Downloads/war-diary/e001518088.jpg
1,60,43,file:/Users/macbook/Downloads/war-diary/e001518072.jpg
1,61,23,file:/Users/macbook/Downloads/war-diary/e001518052.jpg
1,62,24,file:/Users/macbook/Downloads/war-diary/e001518053.jpg
1,63,73,file:/Users/macbook/Downloads/war-diary/e001518103.jpg
1,64,22,file:/Users/macbook/Downloads/war-diary/e001518051.jpg
1,65,7,file:/Users/macbook/Downloads/war-diary/e001518036.jpg
1,66,51,file:/Users/macbook/Downloads/war-diary/e001518081.jpg
1,67,53,file:/Users/macbook/Downloads/war-diary/e001518083.jpg
1,68,65,file:/Users/macbook/Downloads/war-diary/e001518095.jpg
1,69,76,file:/Users/macbook/Downloads/war-diary/e001518106.jpg
1,70,18,file:/Users/macbook/Downloads/war-diary/e001518047.jpg
1,71,82,file:/Users/macbook/Downloads/war-diary/urls.txt
1,72,81,file:/Users/macbook/Downloads/war-diary/urls.py
1,73,80,file:/Users/macbook/Downloads/war-diary/url.py
1,74,77,file:/Users/macbook/Downloads/war-diary/e001518107.jpg
1,75,70,file:/Users/macbook/Downloads/war-diary/e001518100.jpg
1,76,64,file:/Users/macbook/Downloads/war-diary/e001518094.jpg
1,77,55,file:/Users/macbook/Downloads/war-diary/e001518085.jpg
1,78,40,file:/Users/macbook/Downloads/war-diary/e001518069.jpg
1,79,29,file:/Users/macbook/Downloads/war-diary/e001518058.jpg
1,80,19,file:/Users/macbook/Downloads/war-diary/e001518048.jpg
1,81,17,file:/Users/macbook/Downloads/war-diary/e001518046.jpg
1,82,1,file:/Users/macbook/Downloads/war-diary/e001518030.jpg
2,0,23,file:/Users/macbook/Downloads/war-diary/e001518052.jpg
2,1,47,file:/Users/macbook/Downloads/war-diary/e001518076.jpg
2,2,10,file:/Users/macbook/Downloads/war-diary/e001518039.jpg
2,3,34,file:/Users/macbook/Downloads/war-diary/e001518063.jpg
2,4,45,file:/Users/macbook/Downloads/war-diary/e001518074.jpg
2,5,71,file:/Users/macbook/Downloads/war-diary/e001518101.jpg
2,6,13,file:/Users/macbook/Downloads/war-diary/e001518042.jpg
2,7,12,file:/Users/macbook/Downloads/war-diary/e001518041.jpg
2,8,11,file:/Users/macbook/Downloads/war-diary/e001518040.jpg
2,9,77,file:/Users/macbook/Downloads/war-diary/e001518107.jpg
2,10,62,file:/Users/macbook/Downloads/war-diary/e001518092.jpg
2,11,63,file:/Users/macbook/Downloads/war-diary/e001518093.jpg
2,12,24,file:/Users/macbook/Downloads/war-diary/e001518053.jpg
2,13,19,file:/Users/macbook/Downloads/war-diary/e001518048.jpg
2,14,15,file:/Users/macbook/Downloads/war-diary/e001518044.jpg
2,15,28,file:/Users/macbook/Downloads/war-diary/e001518057.jpg
2,16,3,file:/Users/macbook/Downloads/war-diary/e001518032.jpg
2,17,74,file:/Users/macbook/Downloads/war-diary/e001518104.jpg
2,18,66,file:/Users/macbook/Downloads/war-diary/e001518096.jpg
2,19,76,file:/Users/macbook/Downloads/war-diary/e001518106.jpg
2,20,1,file:/Users/macbook/Downloads/war-diary/e001518030.jpg
2,21,30,file:/Users/macbook/Downloads/war-diary/e001518059.jpg
2,22,31,file:/Users/macbook/Downloads/war-diary/e001518060.jpg
2,23,42,file:/Users/macbook/Downloads/war-diary/e001518071.jpg
2,24,26,file:/Users/macbook/Downloads/war-diary/e001518055.jpg
2,25,41,file:/Users/macbook/Downloads/war-diary/e001518070.jpg
2,26,39,file:/Users/macbook/Downloads/war-diary/e001518068.jpg
2,27,54,file:/Users/macbook/Downloads/war-diary/e001518084.jpg
2,28,16,file:/Users/macbook/Downloads/war-diary/e001518045.jpg
2,29,67,file:/Users/macbook/Downloads/war-diary/e001518097.jpg
2,30,7,file:/Users/macbook/Downloads/war-diary/e001518036.jpg
2,31,17,file:/Users/macbook/Downloads/war-diary/e001518046.jpg
2,32,68,file:/Users/macbook/Downloads/war-diary/e001518098.jpg
2,33,5,file:/Users/macbook/Downloads/war-diary/e001518034.jpg
2,34,52,file:/Users/macbook/Downloads/war-diary/e001518082.jpg
2,35,56,file:/Users/macbook/Downloads/war-diary/e001518086.jpg
2,36,8,file:/Users/macbook/Downloads/war-diary/e001518037.jpg
2,37,53,file:/Users/macbook/Downloads/war-diary/e001518083.jpg
2,38,78,file:/Users/macbook/Downloads/war-diary/e001518108.jpg
2,39,50,file:/Users/macbook/Downloads/war-diary/e001518080.jpg
2,40,25,file:/Users/macbook/Downloads/war-diary/e001518054.jpg
2,41,49,file:/Users/macbook/Downloads/war-diary/e001518078.jpg
2,42,20,file:/Users/macbook/Downloads/war-diary/e001518049.jpg
2,43,37,file:/Users/macbook/Downloads/war-diary/e001518066.jpg
2,44,32,file:/Users/macbook/Downloads/war-diary/e001518061.jpg
2,45,55,file:/Users/macbook/Downloads/war-diary/e001518085.jpg
2,46,79,file:/Users/macbook/Downloads/war-diary/e001518109.jpg
2,47,2,file:/Users/macbook/Downloads/war-diary/e001518031.jpg
2,48,64,file:/Users/macbook/Downloads/war-diary/e001518094.jpg
2,49,59,file:/Users/macbook/Downloads/war-diary/e001518089.jpg
2,50,4,file:/Users/macbook/Downloads/war-diary/e001518033.jpg
2,51,73,file:/Users/macbook/Downloads/war-diary/e001518103.jpg
2,52,46,file:/Users/macbook/Downloads/war-diary/e001518075.jpg
2,53,57,file:/Users/macbook/Downloads/war-diary/e001518087.jpg
2,54,48,file:/Users/macbook/Downloads/war-diary/e001518077.jpg
2,55,33,file:/Users/macbook/Downloads/war-diary/e001518062.jpg
2,56,58,file:/Users/macbook/Downloads/war-diary/e001518088.jpg
2,57,51,file:/Users/macbook/Downloads/war-diary/e001518081.jpg
2,58,65,file:/Users/macbook/Downloads/war-diary/e001518095.jpg
2,59,6,file:/Users/macbook/Downloads/war-diary/e001518035.jpg
2,60,72,file:/Users/macbook/Downloads/war-diary/e001518102.jpg
2,61,29,file:/Users/macbook/Downloads/war-diary/e001518058.jpg
2,62,9,file:/Users/macbook/Downloads/war-diary/e001518038.jpg
2,63,14,file:/Users/macbook/Downloads/war-diary/e001518043.jpg
2,64,36,file:/Users/macbook/Downloads/war-diary/e001518065.jpg
2,65,35,file:/Users/macbook/Downloads/war-diary/e001518064.jpg
2,66,43,file:/Users/macbook/Downloads/war-diary/e001518072.jpg
2,67,60,file:/Users/macbook/Downloads/war-diary/e001518090.jpg
2,68,61,file:/Users/macbook/Downloads/war-diary/e001518091.jpg
2,69,38,file:/Users/macbook/Downloads/war-diary/e001518067.jpg
2,70,82,file:/Users/macbook/Downloads/war-diary/urls.txt
2,71,81,file:/Users/macbook/Downloads/war-diary/urls.py
2,72,80,file:/Users/macbook/Downloads/war-diary/url.py
2,73,75,file:/Users/macbook/Downloads/war-diary/e001518105.jpg
2,74,70,file:/Users/macbook/Downloads/war-diary/e001518100.jpg
2,75,69,file:/Users/macbook/Downloads/war-diary/e001518099.jpg
2,76,44,file:/Users/macbook/Downloads/war-diary/e001518073.jpg
2,77,40,file:/Users/macbook/Downloads/war-diary/e001518069.jpg
2,78,27,file:/Users/macbook/Downloads/war-diary/e001518056.jpg
2,79,22,file:/Users/macbook/Downloads/war-diary/e001518051.jpg
2,80,21,file:/Users/macbook/Downloads/war-diary/e001518050.jpg
2,81,18,file:/Users/macbook/Downloads/war-diary/e001518047.jpg
2,82,0,file:/Users/macbook/Downloads/war-diary/e001518029.jpg
3,0,32,file:/Users/macbook/Downloads/war-diary/e001518061.jpg
3,1,46,file:/Users/macbook/Downloads/war-diary/e001518075.jpg
3,2,37,file:/Users/macbook/Downloads/war-diary/e001518066.jpg
3,3,75,file:/Users/macbook/Downloads/war-diary/e001518105.jpg
3,4,49,file:/Users/macbook/Downloads/war-diary/e001518078.jpg
3,5,26,file:/Users/macbook/Downloads/war-diary/e001518055.jpg
3,6,36,file:/Users/macbook/Downloads/war-diary/e001518065.jpg
3,7,29,file:/Users/macbook/Downloads/war-diary/e001518058.jpg
3,8,51,file:/Users/macbook/Downloads/war-diary/e001518081.jpg
3,9,60,file:/Users/macbook/Downloads/war-diary/e001518090.jpg
3,10,20,file:/Users/macbook/Downloads/war-diary/e001518049.jpg
3,11,69,file:/Users/macbook/Downloads/war-diary/e001518099.jpg
3,12,43,file:/Users/macbook/Downloads/war-diary/e001518072.jpg
3,13,72,file:/Users/macbook/Downloads/war-diary/e001518102.jpg
3,14,48,file:/Users/macbook/Downloads/war-diary/e001518077.jpg
3,15,40,file:/Users/macbook/Downloads/war-diary/e001518069.jpg
3,16,65,file:/Users/macbook/Downloads/war-diary/e001518095.jpg
3,17,1,file:/Users/macbook/Downloads/war-diary/e001518030.jpg
3,18,34,file:/Users/macbook/Downloads/war-diary/e001518063.jpg
3,19,55,file:/Users/macbook/Downloads/war-diary/e001518085.jpg
3,20,57,file:/Users/macbook/Downloads/war-diary/e001518087.jpg
3,21,13,file:/Users/macbook/Downloads/war-diary/e001518042.jpg
3,22,74,file:/Users/macbook/Downloads/war-diary/e001518104.jpg
3,23,22,file:/Users/macbook/Downloads/war-diary/e001518051.jpg
3,24,28,file:/Users/macbook/Downloads/war-diary/e001518057.jpg
3,25,63,file:/Users/macbook/Downloads/war-diary/e001518093.jpg
3,26,35,file:/Users/macbook/Downloads/war-diary/e001518064.jpg
3,27,12,file:/Users/macbook/Downloads/war-diary/e001518041.jpg
3,28,54,file:/Users/macbook/Downloads/war-diary/e001518084.jpg
3,29,56,file:/Users/macbook/Downloads/war-diary/e001518086.jpg
3,30,41,file:/Users/macbook/Downloads/war-diary/e001518070.jpg
3,31,23,file:/Users/macbook/Downloads/war-diary/e001518052.jpg
3,32,45,file:/Users/macbook/Downloads/war-diary/e001518074.jpg
3,33,25,file:/Users/macbook/Downloads/war-diary/e001518054.jpg
3,34,64,file:/Users/macbook/Downloads/war-diary/e001518094.jpg
3,35,39,file:/Users/macbook/Downloads/war-diary/e001518068.jpg
3,36,59,file:/Users/macbook/Downloads/war-diary/e001518089.jpg
3,37,47,file:/Users/macbook/Downloads/war-diary/e001518076.jpg
3,38,10,file:/Users/macbook/Downloads/war-diary/e001518039.jpg
3,39,70,file:/Users/macbook/Downloads/war-diary/e001518100.jpg
3,40,17,file:/Users/macbook/Downloads/war-diary/e001518046.jpg
3,41,16,file:/Users/macbook/Downloads/war-diary/e001518045.jpg
3,42,21,file:/Users/macbook/Downloads/war-diary/e001518050.jpg
3,43,5,file:/Users/macbook/Downloads/war-diary/e001518034.jpg
3,44,42,file:/Users/macbook/Downloads/war-diary/e001518071.jpg
3,45,67,file:/Users/macbook/Downloads/war-diary/e001518097.jpg
3,46,24,file:/Users/macbook/Downloads/war-diary/e001518053.jpg
3,47,8,file:/Users/macbook/Downloads/war-diary/e001518037.jpg
3,48,33,file:/Users/macbook/Downloads/war-diary/e001518062.jpg
3,49,18,file:/Users/macbook/Downloads/war-diary/e001518047.jpg
3,50,19,file:/Users/macbook/Downloads/war-diary/e001518048.jpg
3,51,9,file:/Users/macbook/Downloads/war-diary/e001518038.jpg
3,52,14,file:/Users/macbook/Downloads/war-diary/e001518043.jpg
3,53,0,file:/Users/macbook/Downloads/war-diary/e001518029.jpg
3,54,44,file:/Users/macbook/Downloads/war-diary/e001518073.jpg
3,55,6,file:/Users/macbook/Downloads/war-diary/e001518035.jpg
3,56,73,file:/Users/macbook/Downloads/war-diary/e001518103.jpg
3,57,66,file:/Users/macbook/Downloads/war-diary/e001518096.jpg
3,58,79,file:/Users/macbook/Downloads/war-diary/e001518109.jpg
3,59,15,file:/Users/macbook/Downloads/war-diary/e001518044.jpg
3,60,38,file:/Users/macbook/Downloads/war-diary/e001518067.jpg
3,61,30,file:/Users/macbook/Downloads/war-diary/e001518059.jpg
3,62,7,file:/Users/macbook/Downloads/war-diary/e001518036.jpg
3,63,78,file:/Users/macbook/Downloads/war-diary/e001518108.jpg
3,64,62,file:/Users/macbook/Downloads/war-diary/e001518092.jpg
3,65,4,file:/Users/macbook/Downloads/war-diary/e001518033.jpg
3,66,11,file:/Users/macbook/Downloads/war-diary/e001518040.jpg
3,67,50,file:/Users/macbook/Downloads/war-diary/e001518080.jpg
3,68,71,file:/Users/macbook/Downloads/war-diary/e001518101.jpg
3,69,76,file:/Users/macbook/Downloads/war-diary/e001518106.jpg
3,70,61,file:/Users/macbook/Downloads/war-diary/e001518091.jpg
3,71,3,file:/Users/macbook/Downloads/war-diary/e001518032.jpg
3,72,68,file:/Users/macbook/Downloads/war-diary/e001518098.jpg
3,73,58,file:/Users/macbook/Downloads/war-diary/e001518088.jpg
3,74,31,file:/Users/macbook/Downloads/war-diary/e001518060.jpg
3,75,53,file:/Users/macbook/Downloads/war-diary/e001518083.jpg
3,76,77,file:/Users/macbook/Downloads/war-diary/e001518107.jpg
3,77,52,file:/Users/macbook/Downloads/war-diary/e001518082.jpg
3,78,27,file:/Users/macbook/Downloads/war-diary/e001518056.jpg
3,79,2,file:/Users/macbook/Downloads/war-diary/e001518031.jpg
3,80,82,file:/Users/macbook/Downloads/war-diary/urls.txt
3,81,81,file:/Users/macbook/Downloads/war-diary/urls.py
3,82,80,file:/Users/macbook/Downloads/war-diary/url.py
4,0,27,file:/Users/macbook/Downloads/war-diary/e001518056.jpg
4,1,2,file:/Users/macbook/Downloads/war-diary/e001518031.jpg
4,2,53,file:/Users/macbook/Downloads/war-diary/e001518083.jpg
4,3,38,file:/Users/macbook/Downloads/war-diary/e001518067.jpg
4,4,31,file:/Users/macbook/Downloads/war-diary/e001518060.jpg
4,5,52,file:/Users/macbook/Downloads/war-diary/e001518082.jpg
4,6,58,file:/Users/macbook/Downloads/war-diary/e001518088.jpg
4,7,76,file:/Users/macbook/Downloads/war-diary/e001518106.jpg
4,8,63,file:/Users/macbook/Downloads/war-diary/e001518093.jpg
4,9,68,file:/Users/macbook/Downloads/war-diary/e001518098.jpg
4,10,77,file:/Users/macbook/Downloads/war-diary/e001518107.jpg
4,11,4,file:/Users/macbook/Downloads/war-diary/e001518033.jpg
4,12,23,file:/Users/macbook/Downloads/war-diary/e001518052.jpg
4,13,71,file:/Users/macbook/Downloads/war-diary/e001518101.jpg
4,14,25,file:/Users/macbook/Downloads/war-diary/e001518054.jpg
4,15,61,file:/Users/macbook/Downloads/war-diary/e001518091.jpg
4,16,44,file:/Users/macbook/Downloads/war-diary/e001518073.jpg
4,17,67,file:/Users/macbook/Downloads/war-diary/e001518097.jpg
4,18,0,file:/Users/macbook/Downloads/war-diary/e001518029.jpg
4,19,56,file:/Users/macbook/Downloads/war-diary/e001518086.jpg
4,20,7,file:/Users/macbook/Downloads/war-diary/e001518036.jpg
4,21,8,file:/Users/macbook/Downloads/war-diary/e001518037.jpg
4,22,16,file:/Users/macbook/Downloads/war-diary/e001518045.jpg
4,23,6,file:/Users/macbook/Downloads/war-diary/e001518035.jpg
4,24,41,file:/Users/macbook/Downloads/war-diary/e001518070.jpg
4,25,9,file:/Users/macbook/Downloads/war-diary/e001518038.jpg
4,26,11,file:/Users/macbook/Downloads/war-diary/e001518040.jpg
4,27,78,file:/Users/macbook/Downloads/war-diary/e001518108.jpg
4,28,39,file:/Users/macbook/Downloads/war-diary/e001518068.jpg
4,29,42,file:/Users/macbook/Downloads/war-diary/e001518071.jpg
4,30,5,file:/Users/macbook/Downloads/war-diary/e001518034.jpg
4,31,59,file:/Users/macbook/Downloads/war-diary/e001518089.jpg
4,32,14,file:/Users/macbook/Downloads/war-diary/e001518043.jpg
4,33,70,file:/Users/macbook/Downloads/war-diary/e001518100.jpg
4,34,55,file:/Users/macbook/Downloads/war-diary/e001518085.jpg
4,35,17,file:/Users/macbook/Downloads/war-diary/e001518046.jpg
4,36,15,file:/Users/macbook/Downloads/war-diary/e001518044.jpg
4,37,66,file:/Users/macbook/Downloads/war-diary/e001518096.jpg
4,38,30,file:/Users/macbook/Downloads/war-diary/e001518059.jpg
4,39,79,file:/Users/macbook/Downloads/war-diary/e001518109.jpg
4,40,34,file:/Users/macbook/Downloads/war-diary/e001518063.jpg
4,41,54,file:/Users/macbook/Downloads/war-diary/e001518084.jpg
4,42,33,file:/Users/macbook/Downloads/war-diary/e001518062.jpg
4,43,73,file:/Users/macbook/Downloads/war-diary/e001518103.jpg
4,44,62,file:/Users/macbook/Downloads/war-diary/e001518092.jpg
4,45,74,file:/Users/macbook/Downloads/war-diary/e001518104.jpg
4,46,3,file:/Users/macbook/Downloads/war-diary/e001518032.jpg
4,47,10,file:/Users/macbook/Downloads/war-diary/e001518039.jpg
4,48,21,file:/Users/macbook/Downloads/war-diary/e001518050.jpg
4,49,45,file:/Users/macbook/Downloads/war-diary/e001518074.jpg
4,50,64,file:/Users/macbook/Downloads/war-diary/e001518094.jpg
4,51,48,file:/Users/macbook/Downloads/war-diary/e001518077.jpg
4,52,51,file:/Users/macbook/Downloads/war-diary/e001518081.jpg
4,53,65,file:/Users/macbook/Downloads/war-diary/e001518095.jpg
4,54,29,file:/Users/macbook/Downloads/war-diary/e001518058.jpg
4,55,69,file:/Users/macbook/Downloads/war-diary/e001518099.jpg
4,56,24,file:/Users/macbook/Downloads/war-diary/e001518053.jpg
4,57,18,file:/Users/macbook/Downloads/war-diary/e001518047.jpg
4,58,47,file:/Users/macbook/Downloads/war-diary/e001518076.jpg
4,59,40,file:/Users/macbook/Downloads/war-diary/e001518069.jpg
4,60,36,file:/Users/macbook/Downloads/war-diary/e001518065.jpg
4,61,19,file:/Users/macbook/Downloads/war-diary/e001518048.jpg
4,62,1,file:/Users/macbook/Downloads/war-diary/e001518030.jpg
4,63,50,file:/Users/macbook/Downloads/war-diary/e001518080.jpg
4,64,49,file:/Users/macbook/Downloads/war-diary/e001518078.jpg
4,65,75,file:/Users/macbook/Downloads/war-diary/e001518105.jpg
4,66,35,file:/Users/macbook/Downloads/war-diary/e001518064.jpg
4,67,20,file:/Users/macbook/Downloads/war-diary/e001518049.jpg
4,68,13,file:/Users/macbook/Downloads/war-diary/e001518042.jpg
4,69,72,file:/Users/macbook/Downloads/war-diary/e001518102.jpg
4,70,43,file:/Users/macbook/Downloads/war-diary/e001518072.jpg
4,71,28,file:/Users/macbook/Downloads/war-diary/e001518057.jpg
4,72,22,file:/Users/macbook/Downloads/war-diary/e001518051.jpg
4,73,57,file:/Users/macbook/Downloads/war-diary/e001518087.jpg
4,74,46,file:/Users/macbook/Downloads/war-diary/e001518075.jpg
4,75,37,file:/Users/macbook/Downloads/war-diary/e001518066.jpg
4,76,26,file:/Users/macbook/Downloads/war-diary/e001518055.jpg
4,77,82,file:/Users/macbook/Downloads/war-diary/urls.txt
4,78,81,file:/Users/macbook/Downloads/war-diary/urls.py
4,79,80,file:/Users/macbook/Downloads/war-diary/url.py
4,80,60,file:/Users/macbook/Downloads/war-diary/e001518090.jpg
4,81,32,file:/Users/macbook/Downloads/war-diary/e001518061.jpg
4,82,12,file:/Users/macbook/Downloads/war-diary/e001518041.jpg
5,0,24,file:/Users/macbook/Downloads/war-diary/e001518053.jpg
5,1,15,file:/Users/macbook/Downloads/war-diary/e001518044.jpg
5,2,8,file:/Users/macbook/Downloads/war-diary/e001518037.jpg
5,3,17,file:/Users/macbook/Downloads/war-diary/e001518046.jpg
5,4,31,file:/Users/macbook/Downloads/war-diary/e001518060.jpg
5,5,19,file:/Users/macbook/Downloads/war-diary/e001518048.jpg
5,6,35,file:/Users/macbook/Downloads/war-diary/e001518064.jpg
5,7,30,file:/Users/macbook/Downloads/war-diary/e001518059.jpg
5,8,62,file:/Users/macbook/Downloads/war-diary/e001518092.jpg
5,9,16,file:/Users/macbook/Downloads/war-diary/e001518045.jpg
5,10,64,file:/Users/macbook/Downloads/war-diary/e001518094.jpg
5,11,33,file:/Users/macbook/Downloads/war-diary/e001518062.jpg
5,12,38,file:/Users/macbook/Downloads/war-diary/e001518067.jpg
5,13,21,file:/Users/macbook/Downloads/war-diary/e001518050.jpg
5,14,25,file:/Users/macbook/Downloads/war-diary/e001518054.jpg
5,15,57,file:/Users/macbook/Downloads/war-diary/e001518087.jpg
5,16,74,file:/Users/macbook/Downloads/war-diary/e001518104.jpg
5,17,14,file:/Users/macbook/Downloads/war-diary/e001518043.jpg
5,18,23,file:/Users/macbook/Downloads/war-diary/e001518052.jpg
5,19,59,file:/Users/macbook/Downloads/war-diary/e001518089.jpg
5,20,66,file:/Users/macbook/Downloads/war-diary/e001518096.jpg
5,21,47,file:/Users/macbook/Downloads/war-diary/e001518076.jpg
5,22,1,file:/Users/macbook/Downloads/war-diary/e001518030.jpg
5,23,78,file:/Users/macbook/Downloads/war-diary/e001518108.jpg
5,24,70,file:/Users/macbook/Downloads/war-diary/e001518100.jpg
5,25,61,file:/Users/macbook/Downloads/war-diary/e001518091.jpg
5,26,5,file:/Users/macbook/Downloads/war-diary/e001518034.jpg
5,27,44,file:/Users/macbook/Downloads/war-diary/e001518073.jpg
5,28,73,file:/Users/macbook/Downloads/war-diary/e001518103.jpg
5,29,58,file:/Users/macbook/Downloads/war-diary/e001518088.jpg
5,30,42,file:/Users/macbook/Downloads/war-diary/e001518071.jpg
5,31,6,file:/Users/macbook/Downloads/war-diary/e001518035.jpg
5,32,11,file:/Users/macbook/Downloads/war-diary/e001518040.jpg
5,33,54,file:/Users/macbook/Downloads/war-diary/e001518084.jpg
5,34,12,file:/Users/macbook/Downloads/war-diary/e001518041.jpg
5,35,77,file:/Users/macbook/Downloads/war-diary/e001518107.jpg
5,36,76,file:/Users/macbook/Downloads/war-diary/e001518106.jpg
5,37,9,file:/Users/macbook/Downloads/war-diary/e001518038.jpg
5,38,34,file:/Users/macbook/Downloads/war-diary/e001518063.jpg
5,39,79,file:/Users/macbook/Downloads/war-diary/e001518109.jpg
5,40,52,file:/Users/macbook/Downloads/war-diary/e001518082.jpg
5,41,63,file:/Users/macbook/Downloads/war-diary/e001518093.jpg
5,42,71,file:/Users/macbook/Downloads/war-diary/e001518101.jpg
5,43,41,file:/Users/macbook/Downloads/war-diary/e001518070.jpg
5,44,68,file:/Users/macbook/Downloads/war-diary/e001518098.jpg
5,45,4,file:/Users/macbook/Downloads/war-diary/e001518033.jpg
5,46,10,file:/Users/macbook/Downloads/war-diary/e001518039.jpg
5,47,37,file:/Users/macbook/Downloads/war-diary/e001518066.jpg
5,48,65,file:/Users/macbook/Downloads/war-diary/e001518095.jpg
5,49,45,file:/Users/macbook/Downloads/war-diary/e001518074.jpg
5,50,39,file:/Users/macbook/Downloads/war-diary/e001518068.jpg
5,51,28,file:/Users/macbook/Downloads/war-diary/e001518057.jpg
5,52,7,file:/Users/macbook/Downloads/war-diary/e001518036.jpg
5,53,56,file:/Users/macbook/Downloads/war-diary/e001518086.jpg
5,54,3,file:/Users/macbook/Downloads/war-diary/e001518032.jpg
5,55,69,file:/Users/macbook/Downloads/war-diary/e001518099.jpg
5,56,27,file:/Users/macbook/Downloads/war-diary/e001518056.jpg
5,57,2,file:/Users/macbook/Downloads/war-diary/e001518031.jpg
5,58,53,file:/Users/macbook/Downloads/war-diary/e001518083.jpg
5,59,32,file:/Users/macbook/Downloads/war-diary/e001518061.jpg
5,60,26,file:/Users/macbook/Downloads/war-diary/e001518055.jpg
5,61,20,file:/Users/macbook/Downloads/war-diary/e001518049.jpg
5,62,48,file:/Users/macbook/Downloads/war-diary/e001518077.jpg
5,63,43,file:/Users/macbook/Downloads/war-diary/e001518072.jpg
5,64,22,file:/Users/macbook/Downloads/war-diary/e001518051.jpg
5,65,75,file:/Users/macbook/Downloads/war-diary/e001518105.jpg
5,66,13,file:/Users/macbook/Downloads/war-diary/e001518042.jpg
5,67,0,file:/Users/macbook/Downloads/war-diary/e001518029.jpg
5,68,72,file:/Users/macbook/Downloads/war-diary/e001518102.jpg
5,69,36,file:/Users/macbook/Downloads/war-diary/e001518065.jpg
5,70,46,file:/Users/macbook/Downloads/war-diary/e001518075.jpg
5,71,29,file:/Users/macbook/Downloads/war-diary/e001518058.jpg
5,72,82,file:/Users/macbook/Downloads/war-diary/urls.txt
5,73,81,file:/Users/macbook/Downloads/war-diary/urls.py
5,74,80,file:/Users/macbook/Downloads/war-diary/url.py
5,75,67,file:/Users/macbook/Downloads/war-diary/e001518097.jpg
5,76,60,file:/Users/macbook/Downloads/war-diary/e001518090.jpg
5,77,55,file:/Users/macbook/Downloads/war-diary/e001518085.jpg
5,78,51,file:/Users/macbook/Downloads/war-diary/e001518081.jpg
5,79,50,file:/Users/macbook/Downloads/war-diary/e001518080.jpg
5,80,49,file:/Users/macbook/Downloads/war-diary/e001518078.jpg
5,81,40,file:/Users/macbook/Downloads/war-diary/e001518069.jpg
5,82,18,file:/Users/macbook/Downloads/war-diary/e001518047.jpg
6,0,7,file:/Users/macbook/Downloads/war-diary/e001518036.jpg
6,1,4,file:/Users/macbook/Downloads/war-diary/e001518033.jpg
6,2,11,file:/Users/macbook/Downloads/war-diary/e001518040.jpg
6,3,39,file:/Users/macbook/Downloads/war-diary/e001518068.jpg
6,4,79,file:/Users/macbook/Downloads/war-diary/e001518109.jpg
6,5,5,file:/Users/macbook/Downloads/war-diary/e001518034.jpg
6,6,21,file:/Users/macbook/Downloads/war-diary/e001518050.jpg
6,7,45,file:/Users/macbook/Downloads/war-diary/e001518074.jpg
6,8,66,file:/Users/macbook/Downloads/war-diary/e001518096.jpg
6,9,17,file:/Users/macbook/Downloads/war-diary/e001518046.jpg
6,10,3,file:/Users/macbook/Downloads/war-diary/e001518032.jpg
6,11,34,file:/Users/macbook/Downloads/war-diary/e001518063.jpg
6,12,52,file:/Users/macbook/Downloads/war-diary/e001518082.jpg
6,13,73,file:/Users/macbook/Downloads/war-diary/e001518103.jpg
6,14,64,file:/Users/macbook/Downloads/war-diary/e001518094.jpg
6,15,70,file:/Users/macbook/Downloads/war-diary/e001518100.jpg
6,16,68,file:/Users/macbook/Downloads/war-diary/e001518098.jpg
6,17,35,file:/Users/macbook/Downloads/war-diary/e001518064.jpg
6,18,14,file:/Users/macbook/Downloads/war-diary/e001518043.jpg
6,19,8,file:/Users/macbook/Downloads/war-diary/e001518037.jpg
6,20,28,file:/Users/macbook/Downloads/war-diary/e001518057.jpg
6,21,59,file:/Users/macbook/Downloads/war-diary/e001518089.jpg
6,22,62,file:/Users/macbook/Downloads/war-diary/e001518092.jpg
6,23,6,file:/Users/macbook/Downloads/war-diary/e001518035.jpg
6,24,19,file:/Users/macbook/Downloads/war-diary/e001518048.jpg
6,25,57,file:/Users/macbook/Downloads/war-diary/e001518087.jpg
6,26,38,file:/Users/macbook/Downloads/war-diary/e001518067.jpg
6,27,67,file:/Users/macbook/Downloads/war-diary/e001518097.jpg
6,28,42,file:/Users/macbook/Downloads/war-diary/e001518071.jpg
6,29,2,file:/Users/macbook/Downloads/war-diary/e001518031.jpg
6,30,16,file:/Users/macbook/Downloads/war-diary/e001518045.jpg
6,31,41,file:/Users/macbook/Downloads/war-diary/e001518070.jpg
6,32,58,file:/Users/macbook/Downloads/war-diary/e001518088.jpg
6,33,23,file:/Users/macbook/Downloads/war-diary/e001518052.jpg
6,34,76,file:/Users/macbook/Downloads/war-diary/e001518106.jpg
6,35,44,file:/Users/macbook/Downloads/war-diary/e001518073.jpg
6,36,24,file:/Users/macbook/Downloads/war-diary/e001518053.jpg
6,37,47,file:/Users/macbook/Downloads/war-diary/e001518076.jpg
6,38,26,file:/Users/macbook/Downloads/war-diary/e001518055.jpg
6,39,77,file:/Users/macbook/Downloads/war-diary/e001518107.jpg
6,40,74,file:/Users/macbook/Downloads/war-diary/e001518104.jpg
6,41,53,file:/Users/macbook/Downloads/war-diary/e001518083.jpg
6,42,33,file:/Users/macbook/Downloads/war-diary/e001518062.jpg
6,43,50,file:/Users/macbook/Downloads/war-diary/e001518080.jpg
6,44,61,file:/Users/macbook/Downloads/war-diary/e001518091.jpg
6,45,31,file:/Users/macbook/Downloads/war-diary/e001518060.jpg
6,46,75,file:/Users/macbook/Downloads/war-diary/e001518105.jpg
6,47,46,file:/Users/macbook/Downloads/war-diary/e001518075.jpg
6,48,13,file:/Users/macbook/Downloads/war-diary/e001518042.jpg
6,49,27,file:/Users/macbook/Downloads/war-diary/e001518056.jpg
6,50,0,file:/Users/macbook/Downloads/war-diary/e001518029.jpg
6,51,32,file:/Users/macbook/Downloads/war-diary/e001518061.jpg
6,52,72,file:/Users/macbook/Downloads/war-diary/e001518102.jpg
6,53,71,file:/Users/macbook/Downloads/war-diary/e001518101.jpg
6,54,69,file:/Users/macbook/Downloads/war-diary/e001518099.jpg
6,55,22,file:/Users/macbook/Downloads/war-diary/e001518051.jpg
6,56,9,file:/Users/macbook/Downloads/war-diary/e001518038.jpg
6,57,60,file:/Users/macbook/Downloads/war-diary/e001518090.jpg
6,58,48,file:/Users/macbook/Downloads/war-diary/e001518077.jpg
6,59,55,file:/Users/macbook/Downloads/war-diary/e001518085.jpg
6,60,36,file:/Users/macbook/Downloads/war-diary/e001518065.jpg
6,61,54,file:/Users/macbook/Downloads/war-diary/e001518084.jpg
6,62,12,file:/Users/macbook/Downloads/war-diary/e001518041.jpg
6,63,63,file:/Users/macbook/Downloads/war-diary/e001518093.jpg
6,64,25,file:/Users/macbook/Downloads/war-diary/e001518054.jpg
6,65,20,file:/Users/macbook/Downloads/war-diary/e001518049.jpg
6,66,18,file:/Users/macbook/Downloads/war-diary/e001518047.jpg
6,67,10,file:/Users/macbook/Downloads/war-diary/e001518039.jpg
6,68,80,file:/Users/macbook/Downloads/war-diary/url.py
6,69,78,file:/Users/macbook/Downloads/war-diary/e001518108.jpg
6,70,37,file:/Users/macbook/Downloads/war-diary/e001518066.jpg
6,71,30,file:/Users/macbook/Downloads/war-diary/e001518059.jpg
6,72,15,file:/Users/macbook/Downloads/war-diary/e001518044.jpg
6,73,82,file:/Users/macbook/Downloads/war-diary/urls.txt
6,74,81,file:/Users/macbook/Downloads/war-diary/urls.py
6,75,65,file:/Users/macbook/Downloads/war-diary/e001518095.jpg
6,76,56,file:/Users/macbook/Downloads/war-diary/e001518086.jpg
6,77,51,file:/Users/macbook/Downloads/war-diary/e001518081.jpg
6,78,49,file:/Users/macbook/Downloads/war-diary/e001518078.jpg
6,79,43,file:/Users/macbook/Downloads/war-diary/e001518072.jpg
6,80,40,file:/Users/macbook/Downloads/war-diary/e001518069.jpg
6,81,29,file:/Users/macbook/Downloads/war-diary/e001518058.jpg
6,82,1,file:/Users/macbook/Downloads/war-diary/e001518030.jpg
7,0,73,file:/Users/macbook/Downloads/war-diary/e001518103.jpg
7,1,7,file:/Users/macbook/Downloads/war-diary/e001518036.jpg
7,2,33,file:/Users/macbook/Downloads/war-diary/e001518062.jpg
7,3,41,file:/Users/macbook/Downloads/war-diary/e001518070.jpg
7,4,6,file:/Users/macbook/Downloads/war-diary/e001518035.jpg
7,5,12,file:/Users/macbook/Downloads/war-diary/e001518041.jpg
7,6,21,file:/Users/macbook/Downloads/war-diary/e001518050.jpg
7,7,50,file:/Users/macbook/Downloads/war-diary/e001518080.jpg
7,8,53,file:/Users/macbook/Downloads/war-diary/e001518083.jpg
7,9,30,file:/Users/macbook/Downloads/war-diary/e001518059.jpg
7,10,44,file:/Users/macbook/Downloads/war-diary/e001518073.jpg
7,11,23,file:/Users/macbook/Downloads/war-diary/e001518052.jpg
7,12,52,file:/Users/macbook/Downloads/war-diary/e001518082.jpg
7,13,34,file:/Users/macbook/Downloads/war-diary/e001518063.jpg
7,14,78,file:/Users/macbook/Downloads/war-diary/e001518108.jpg
7,15,5,file:/Users/macbook/Downloads/war-diary/e001518034.jpg
7,16,27,file:/Users/macbook/Downloads/war-diary/e001518056.jpg
7,17,76,file:/Users/macbook/Downloads/war-diary/e001518106.jpg
7,18,4,file:/Users/macbook/Downloads/war-diary/e001518033.jpg
7,19,2,file:/Users/macbook/Downloads/war-diary/e001518031.jpg
7,20,16,file:/Users/macbook/Downloads/war-diary/e001518045.jpg
7,21,58,file:/Users/macbook/Downloads/war-diary/e001518088.jpg
7,22,70,file:/Users/macbook/Downloads/war-diary/e001518100.jpg
7,23,10,file:/Users/macbook/Downloads/war-diary/e001518039.jpg
7,24,14,file:/Users/macbook/Downloads/war-diary/e001518043.jpg
7,25,61,file:/Users/macbook/Downloads/war-diary/e001518091.jpg
7,26,59,file:/Users/macbook/Downloads/war-diary/e001518089.jpg
7,27,19,file:/Users/macbook/Downloads/war-diary/e001518048.jpg
7,28,77,file:/Users/macbook/Downloads/war-diary/e001518107.jpg
7,29,9,file:/Users/macbook/Downloads/war-diary/e001518038.jpg
7,30,15,file:/Users/macbook/Downloads/war-diary/e001518044.jpg
7,31,66,file:/Users/macbook/Downloads/war-diary/e001518096.jpg
7,32,79,file:/Users/macbook/Downloads/war-diary/e001518109.jpg
7,33,71,file:/Users/macbook/Downloads/war-diary/e001518101.jpg
7,34,56,file:/Users/macbook/Downloads/war-diary/e001518086.jpg
7,35,24,file:/Users/macbook/Downloads/war-diary/e001518053.jpg
7,36,62,file:/Users/macbook/Downloads/war-diary/e001518092.jpg
7,37,54,file:/Users/macbook/Downloads/war-diary/e001518084.jpg
7,38,38,file:/Users/macbook/Downloads/war-diary/e001518067.jpg
7,39,31,file:/Users/macbook/Downloads/war-diary/e001518060.jpg
7,40,13,file:/Users/macbook/Downloads/war-diary/e001518042.jpg
7,41,11,file:/Users/macbook/Downloads/war-diary/e001518040.jpg
7,42,42,file:/Users/macbook/Downloads/war-diary/e001518071.jpg
7,43,64,file:/Users/macbook/Downloads/war-diary/e001518094.jpg
7,44,35,file:/Users/macbook/Downloads/war-diary/e001518064.jpg
7,45,8,file:/Users/macbook/Downloads/war-diary/e001518037.jpg
7,46,45,file:/Users/macbook/Downloads/war-diary/e001518074.jpg
7,47,67,file:/Users/macbook/Downloads/war-diary/e001518097.jpg
7,48,74,file:/Users/macbook/Downloads/war-diary/e001518104.jpg
7,49,25,file:/Users/macbook/Downloads/war-diary/e001518054.jpg
7,50,63,file:/Users/macbook/Downloads/war-diary/e001518093.jpg
7,51,68,file:/Users/macbook/Downloads/war-diary/e001518098.jpg
7,52,39,file:/Users/macbook/Downloads/war-diary/e001518068.jpg
7,53,28,file:/Users/macbook/Downloads/war-diary/e001518057.jpg
7,54,17,file:/Users/macbook/Downloads/war-diary/e001518046.jpg
7,55,26,file:/Users/macbook/Downloads/war-diary/e001518055.jpg
7,56,1,file:/Users/macbook/Downloads/war-diary/e001518030.jpg
7,57,55,file:/Users/macbook/Downloads/war-diary/e001518085.jpg
7,58,36,file:/Users/macbook/Downloads/war-diary/e001518065.jpg
7,59,0,file:/Users/macbook/Downloads/war-diary/e001518029.jpg
7,60,46,file:/Users/macbook/Downloads/war-diary/e001518075.jpg
7,61,47,file:/Users/macbook/Downloads/war-diary/e001518076.jpg
7,62,32,file:/Users/macbook/Downloads/war-diary/e001518061.jpg
7,63,75,file:/Users/macbook/Downloads/war-diary/e001518105.jpg
7,64,57,file:/Users/macbook/Downloads/war-diary/e001518087.jpg
7,65,18,file:/Users/macbook/Downloads/war-diary/e001518047.jpg
7,66,65,file:/Users/macbook/Downloads/war-diary/e001518095.jpg
7,67,3,file:/Users/macbook/Downloads/war-diary/e001518032.jpg
7,68,29,file:/Users/macbook/Downloads/war-diary/e001518058.jpg
7,69,43,file:/Users/macbook/Downloads/war-diary/e001518072.jpg
7,70,20,file:/Users/macbook/Downloads/war-diary/e001518049.jpg
7,71,49,file:/Users/macbook/Downloads/war-diary/e001518078.jpg
7,72,51,file:/Users/macbook/Downloads/war-diary/e001518081.jpg
7,73,40,file:/Users/macbook/Downloads/war-diary/e001518069.jpg
7,74,60,file:/Users/macbook/Downloads/war-diary/e001518090.jpg
7,75,48,file:/Users/macbook/Downloads/war-diary/e001518077.jpg
7,76,37,file:/Users/macbook/Downloads/war-diary/e001518066.jpg
7,77,72,file:/Users/macbook/Downloads/war-diary/e001518102.jpg
7,78,69,file:/Users/macbook/Downloads/war-diary/e001518099.jpg
7,79,22,file:/Users/macbook/Downloads/war-diary/e001518051.jpg
7,80,80,file:/Users/macbook/Downloads/war-diary/url.py
7,81,81,file:/Users/macbook/Downloads/war-diary/urls.py
7,82,82,file:/Users/macbook/Downloads/war-diary/urls.txt
8,0,21,file:/Users/macbook/Downloads/war-diary/e001518050.jpg
8,1,4,file:/Users/macbook/Downloads/war-diary/e001518033.jpg
8,2,19,file:/Users/macbook/Downloads/war-diary/e001518048.jpg
8,3,9,file:/Users/macbook/Downloads/war-diary/e001518038.jpg
8,4,11,file:/Users/macbook/Downloads/war-diary/e001518040.jpg
8,5,44,file:/Users/macbook/Downloads/war-diary/e001518073.jpg
8,6,33,file:/Users/macbook/Downloads/war-diary/e001518062.jpg
8,7,7,file:/Users/macbook/Downloads/war-diary/e001518036.jpg
8,8,27,file:/Users/macbook/Downloads/war-diary/e001518056.jpg
8,9,16,file:/Users/macbook/Downloads/war-diary/e001518045.jpg
8,10,24,file:/Users/macbook/Downloads/war-diary/e001518053.jpg
8,11,14,file:/Users/macbook/Downloads/war-diary/e001518043.jpg
8,12,31,file:/Users/macbook/Downloads/war-diary/e001518060.jpg
8,13,23,file:/Users/macbook/Downloads/war-diary/e001518052.jpg
8,14,76,file:/Users/macbook/Downloads/war-diary/e001518106.jpg
8,15,41,file:/Users/macbook/Downloads/war-diary/e001518070.jpg
8,16,66,file:/Users/macbook/Downloads/war-diary/e001518096.jpg
8,17,38,file:/Users/macbook/Downloads/war-diary/e001518067.jpg
8,18,61,file:/Users/macbook/Downloads/war-diary/e001518091.jpg
8,19,30,file:/Users/macbook/Downloads/war-diary/e001518059.jpg
8,20,15,file:/Users/macbook/Downloads/war-diary/e001518044.jpg
8,21,73,file:/Users/macbook/Downloads/war-diary/e001518103.jpg
8,22,2,file:/Users/macbook/Downloads/war-diary/e001518031.jpg
8,23,12,file:/Users/macbook/Downloads/war-diary/e001518041.jpg
8,24,47,file:/Users/macbook/Downloads/war-diary/e001518076.jpg
8,25,6,file:/Users/macbook/Downloads/war-diary/e001518035.jpg
8,26,70,file:/Users/macbook/Downloads/war-diary/e001518100.jpg
8,27,52,file:/Users/macbook/Downloads/war-diary/e001518082.jpg
8,28,13,file:/Users/macbook/Downloads/war-diary/e001518042.jpg
8,29,25,file:/Users/macbook/Downloads/war-diary/e001518054.jpg
8,30,10,file:/Users/macbook/Downloads/war-diary/e001518039.jpg
8,31,34,file:/Users/macbook/Downloads/war-diary/e001518063.jpg
8,32,50,file:/Users/macbook/Downloads/war-diary/e001518080.jpg
8,33,5,file:/Users/macbook/Downloads/war-diary/e001518034.jpg
8,34,77,file:/Users/macbook/Downloads/war-diary/e001518107.jpg
8,35,78,file:/Users/macbook/Downloads/war-diary/e001518108.jpg
8,36,58,file:/Users/macbook/Downloads/war-diary/e001518088.jpg
8,37,68,file:/Users/macbook/Downloads/war-diary/e001518098.jpg
8,38,8,file:/Users/macbook/Downloads/war-diary/e001518037.jpg
8,39,71,file:/Users/macbook/Downloads/war-diary/e001518101.jpg
8,40,17,file:/Users/macbook/Downloads/war-diary/e001518046.jpg
8,41,67,file:/Users/macbook/Downloads/war-diary/e001518097.jpg
8,42,62,file:/Users/macbook/Downloads/war-diary/e001518092.jpg
8,43,63,file:/Users/macbook/Downloads/war-diary/e001518093.jpg
8,44,59,file:/Users/macbook/Downloads/war-diary/e001518089.jpg
8,45,45,file:/Users/macbook/Downloads/war-diary/e001518074.jpg
8,46,56,file:/Users/macbook/Downloads/war-diary/e001518086.jpg
8,47,64,file:/Users/macbook/Downloads/war-diary/e001518094.jpg
8,48,3,file:/Users/macbook/Downloads/war-diary/e001518032.jpg
8,49,79,file:/Users/macbook/Downloads/war-diary/e001518109.jpg
8,50,53,file:/Users/macbook/Downloads/war-diary/e001518083.jpg
8,51,28,file:/Users/macbook/Downloads/war-diary/e001518057.jpg
8,52,42,file:/Users/macbook/Downloads/war-diary/e001518071.jpg
8,53,74,file:/Users/macbook/Downloads/war-diary/e001518104.jpg
8,54,39,file:/Users/macbook/Downloads/war-diary/e001518068.jpg
8,55,1,file:/Users/macbook/Downloads/war-diary/e001518030.jpg
8,56,54,file:/Users/macbook/Downloads/war-diary/e001518084.jpg
8,57,35,file:/Users/macbook/Downloads/war-diary/e001518064.jpg
8,58,57,file:/Users/macbook/Downloads/war-diary/e001518087.jpg
8,59,20,file:/Users/macbook/Downloads/war-diary/e001518049.jpg
8,60,22,file:/Users/macbook/Downloads/war-diary/e001518051.jpg
8,61,0,file:/Users/macbook/Downloads/war-diary/e001518029.jpg
8,62,26,file:/Users/macbook/Downloads/war-diary/e001518055.jpg
8,63,37,file:/Users/macbook/Downloads/war-diary/e001518066.jpg
8,64,18,file:/Users/macbook/Downloads/war-diary/e001518047.jpg
8,65,49,file:/Users/macbook/Downloads/war-diary/e001518078.jpg
8,66,43,file:/Users/macbook/Downloads/war-diary/e001518072.jpg
8,67,32,file:/Users/macbook/Downloads/war-diary/e001518061.jpg
8,68,48,file:/Users/macbook/Downloads/war-diary/e001518077.jpg
8,69,65,file:/Users/macbook/Downloads/war-diary/e001518095.jpg
8,70,72,file:/Users/macbook/Downloads/war-diary/e001518102.jpg
8,71,60,file:/Users/macbook/Downloads/war-diary/e001518090.jpg
8,72,75,file:/Users/macbook/Downloads/war-diary/e001518105.jpg
8,73,46,file:/Users/macbook/Downloads/war-diary/e001518075.jpg
8,74,40,file:/Users/macbook/Downloads/war-diary/e001518069.jpg
8,75,29,file:/Users/macbook/Downloads/war-diary/e001518058.jpg
8,76,55,file:/Users/macbook/Downloads/war-diary/e001518085.jpg
8,77,69,file:/Users/macbook/Downloads/war-diary/e001518099.jpg
8,78,51,file:/Users/macbook/Downloads/war-diary/e001518081.jpg
8,79,36,file:/Users/macbook/Downloads/war-diary/e001518065.jpg
8,80,82,file:/Users/macbook/Downloads/war-diary/urls.txt
8,81,81,file:/Users/macbook/Downloads/war-diary/urls.py
8,82,80,file:/Users/macbook/Downloads/war-diary/url.py
9,0,22,file:/Users/macbook/Downloads/war-diary/e001518051.jpg
9,1,20,file:/Users/macbook/Downloads/war-diary/e001518049.jpg
9,2,61,file:/Users/macbook/Downloads/war-diary/e001518091.jpg
9,3,50,file:/Users/macbook/Downloads/war-diary/e001518080.jpg
9,4,25,file:/Users/macbook/Downloads/war-diary/e001518054.jpg
9,5,1,file:/Users/macbook/Downloads/war-diary/e001518030.jpg
9,6,18,file:/Users/macbook/Downloads/war-diary/e001518047.jpg
9,7,76,file:/Users/macbook/Downloads/war-diary/e001518106.jpg
9,8,64,file:/Users/macbook/Downloads/war-diary/e001518094.jpg
9,9,30,file:/Users/macbook/Downloads/war-diary/e001518059.jpg
9,10,43,file:/Users/macbook/Downloads/war-diary/e001518072.jpg
9,11,65,file:/Users/macbook/Downloads/war-diary/e001518095.jpg
9,12,48,file:/Users/macbook/Downloads/war-diary/e001518077.jpg
9,13,40,file:/Users/macbook/Downloads/war-diary/e001518069.jpg
9,14,41,file:/Users/macbook/Downloads/war-diary/e001518070.jpg
9,15,69,file:/Users/macbook/Downloads/war-diary/e001518099.jpg
9,16,82,file:/Users/macbook/Downloads/war-diary/urls.txt
9,17,29,file:/Users/macbook/Downloads/war-diary/e001518058.jpg
9,18,72,file:/Users/macbook/Downloads/war-diary/e001518102.jpg
9,19,32,file:/Users/macbook/Downloads/war-diary/e001518061.jpg
9,20,60,file:/Users/macbook/Downloads/war-diary/e001518090.jpg
9,21,58,file:/Users/macbook/Downloads/war-diary/e001518088.jpg
9,22,55,file:/Users/macbook/Downloads/war-diary/e001518085.jpg
9,23,0,file:/Users/macbook/Downloads/war-diary/e001518029.jpg
9,24,51,file:/Users/macbook/Downloads/war-diary/e001518081.jpg
9,25,2,file:/Users/macbook/Downloads/war-diary/e001518031.jpg
9,26,63,file:/Users/macbook/Downloads/war-diary/e001518093.jpg
9,27,49,file:/Users/macbook/Downloads/war-diary/e001518078.jpg
9,28,67,file:/Users/macbook/Downloads/war-diary/e001518097.jpg
9,29,21,file:/Users/macbook/Downloads/war-diary/e001518050.jpg
9,30,75,file:/Users/macbook/Downloads/war-diary/e001518105.jpg
9,31,54,file:/Users/macbook/Downloads/war-diary/e001518084.jpg
9,32,36,file:/Users/macbook/Downloads/war-diary/e001518065.jpg
9,33,68,file:/Users/macbook/Downloads/war-diary/e001518098.jpg
9,34,5,file:/Users/macbook/Downloads/war-diary/e001518034.jpg
9,35,57,file:/Users/macbook/Downloads/war-diary/e001518087.jpg
9,36,70,file:/Users/macbook/Downloads/war-diary/e001518100.jpg
9,37,59,file:/Users/macbook/Downloads/war-diary/e001518089.jpg
9,38,45,file:/Users/macbook/Downloads/war-diary/e001518074.jpg
9,39,33,file:/Users/macbook/Downloads/war-diary/e001518062.jpg
9,40,46,file:/Users/macbook/Downloads/war-diary/e001518075.jpg
9,41,79,file:/Users/macbook/Downloads/war-diary/e001518109.jpg
9,42,62,file:/Users/macbook/Downloads/war-diary/e001518092.jpg
9,43,71,file:/Users/macbook/Downloads/war-diary/e001518101.jpg
9,44,4,file:/Users/macbook/Downloads/war-diary/e001518033.jpg
9,45,9,file:/Users/macbook/Downloads/war-diary/e001518038.jpg
9,46,53,file:/Users/macbook/Downloads/war-diary/e001518083.jpg
9,47,38,file:/Users/macbook/Downloads/war-diary/e001518067.jpg
9,48,19,file:/Users/macbook/Downloads/war-diary/e001518048.jpg
9,49,3,file:/Users/macbook/Downloads/war-diary/e001518032.jpg
9,50,73,file:/Users/macbook/Downloads/war-diary/e001518103.jpg
9,51,44,file:/Users/macbook/Downloads/war-diary/e001518073.jpg
9,52,14,file:/Users/macbook/Downloads/war-diary/e001518043.jpg
9,53,23,file:/Users/macbook/Downloads/war-diary/e001518052.jpg
9,54,27,file:/Users/macbook/Downloads/war-diary/e001518056.jpg
9,55,12,file:/Users/macbook/Downloads/war-diary/e001518041.jpg
9,56,66,file:/Users/macbook/Downloads/war-diary/e001518096.jpg
9,57,81,file:/Users/macbook/Downloads/war-diary/urls.py
9,58,80,file:/Users/macbook/Downloads/war-diary/url.py
9,59,56,file:/Users/macbook/Downloads/war-diary/e001518086.jpg
9,60,34,file:/Users/macbook/Downloads/war-diary/e001518063.jpg
9,61,78,file:/Users/macbook/Downloads/war-diary/e001518108.jpg
9,62,11,file:/Users/macbook/Downloads/war-diary/e001518040.jpg
9,63,52,file:/Users/macbook/Downloads/war-diary/e001518082.jpg
9,64,24,file:/Users/macbook/Downloads/war-diary/e001518053.jpg
9,65,47,file:/Users/macbook/Downloads/war-diary/e001518076.jpg
9,66,13,file:/Users/macbook/Downloads/war-diary/e001518042.jpg
9,67,16,file:/Users/macbook/Downloads/war-diary/e001518045.jpg
9,68,6,file:/Users/macbook/Downloads/war-diary/e001518035.jpg
9,69,74,file:/Users/macbook/Downloads/war-diary/e001518104.jpg
9,70,42,file:/Users/macbook/Downloads/war-diary/e001518071.jpg
9,71,39,file:/Users/macbook/Downloads/war-diary/e001518068.jpg
9,72,31,file:/Users/macbook/Downloads/war-diary/e001518060.jpg
9,73,28,file:/Users/macbook/Downloads/war-diary/e001518057.jpg
9,74,26,file:/Users/macbook/Downloads/war-diary/e001518055.jpg
9,75,17,file:/Users/macbook/Downloads/war-diary/e001518046.jpg
9,76,10,file:/Users/macbook/Downloads/war-diary/e001518039.jpg
9,77,77,file:/Users/macbook/Downloads/war-diary/e001518107.jpg
9,78,37,file:/Users/macbook/Downloads/war-diary/e001518066.jpg
9,79,35,file:/Users/macbook/Downloads/war-diary/e001518064.jpg
9,80,15,file:/Users/macbook/Downloads/war-diary/e001518044.jpg
9,81,8,file:/Users/macbook/Downloads/war-diary/e001518037.jpg
9,82,7,file:/Users/macbook/Downloads/war-diary/e001518036.jpg
